symbol,days_of_data,date_from,date_to,avg_volume,avg_close
IDEA,337,2023-12-26,2025-05-06,634832337.4362018,11.849584569732944
YESBANK,337,2023-12-26,2025-05-06,184695747.88724035,21.996231454005926
SUZLON,337,2023-12-26,2025-05-06,62152688.81602374,56.08356083086052
NHPC,337,2023-12-26,2025-05-06,59197385.83976261,88.21258160237386
ETERNAL,337,2023-12-26,2025-05-06,57921990.40652819,217.10397626112763
OLAELEC,182,2024-08-09,2025-05-06,57594606.65934066,80.51560439560437
IRFC,337,2023-12-26,2025-05-06,50627417.45994065,151.30667655786345
JPPOWER,337,2023-12-26,2025-05-06,49612492.038575664,17.44356083086053
TATASTEEL,337,2023-12-26,2025-05-06,43456343.58456973,149.2371513353116
PNB,337,2023-12-26,2025-05-06,41393391.213649854,110.66091988130559
RPOWER,337,2023-12-26,2025-05-06,40470957.90207715,33.8266765578635
NMDC,337,2023-12-26,2025-05-06,38759531.483679526,71.87281899109792
IDFCFIRSTB,337,2023-12-26,2025-05-06,36386761.985163204,72.26777448071223
VMM,93,2024-12-18,2025-05-06,34416173.65591398,106.93784946236559
CANBK,337,2023-12-26,2025-05-06,32700430.997032642,103.57902077151337
NBCC,337,2023-12-26,2025-05-06,32589100.608308606,95.20210682492583
IRB,337,2023-12-26,2025-05-06,32574119.448071215,57.78827893175071
SAIL,337,2023-12-26,2025-05-06,30294262.62908012,128.66976261127581
BEL,337,2023-12-26,2025-05-06,28187583.302670624,265.76465875370917
GMRAIRPORT,337,2023-12-26,2025-05-06,27889065.727002967,84.3751335311573
IREDA,337,2023-12-26,2025-05-06,27550117.207715135,188.63032640949558
HFCL,337,2023-12-26,2025-05-06,26713062.56676558,109.13320474777463
JIOFIN,337,2023-12-26,2025-05-06,25296859.183976263,305.99258160237395
BAJAJHFL,157,2024-09-16,2025-05-06,24213122.86624204,127.98375796178351
IOC,337,2023-12-26,2025-05-06,23133199.84866469,150.15065281899103
MAHABANK,337,2023-12-26,2025-05-06,23113669.480712168,56.96501483679526
IFCI,337,2023-12-26,2025-05-06,23017060.75667656,55.01718100890206
BHEL,337,2023-12-26,2025-05-06,22706335.50445104,247.36735905044512
SJVN,337,2023-12-26,2025-05-06,21824448.548961423,117.21388724035612
NATIONALUM,337,2023-12-26,2025-05-06,20969454.62017804,181.90347181008912
MOTHERSON,337,2023-12-26,2025-05-06,20901484.46290801,151.14685459940648
RVNL,337,2023-12-26,2025-05-06,20032552.569732938,389.28635014836794
GAIL,337,2023-12-26,2025-05-06,19178650.489614245,189.074955489614
NTPCGREEN,108,2024-11-27,2025-05-06,18840569.046296295,112.8151851851852
ZEEL,337,2023-12-26,2025-05-06,18654317.673590504,141.69620178041535
HDFCBANK,337,2023-12-26,2025-05-06,18558471.19287834,1644.7770029673577
SAGILITY,117,2024-11-12,2025-05-06,18490678.170940172,43.468034188034174
ONGC,337,2023-12-26,2025-05-06,17938635.418397628,262.50982195845677
IOB,337,2023-12-26,2025-05-06,17753696.044510387,55.63729970326412
ITC,337,2023-12-26,2025-05-06,17033731.47477745,403.2532640949554
HUDCO,337,2023-12-26,2025-05-06,16923531.31454006,224.25780415430256
INDUSTOWER,337,2023-12-26,2025-05-06,16776328.928783383,338.3959940652822
POWERGRID,337,2023-12-26,2025-05-06,16406951.899109792,302.8675074183978
NTPC,337,2023-12-26,2025-05-06,16226381.563798219,358.8980712166169
SBIN,337,2023-12-26,2025-05-06,15977500.753709199,779.7087537091991
UNIONBANK,337,2023-12-26,2025-05-06,15724896.379821958,127.97026706231458
BANKBARODA,337,2023-12-26,2025-05-06,15694706.12759644,243.82175074183962
TRIDENT,337,2023-12-26,2025-05-06,15660747.866468843,35.700000000000024
WIPRO,337,2023-12-26,2025-05-06,15536692.777448071,259.24462908011856
UCOBANK,337,2023-12-26,2025-05-06,15040065.332344214,47.45715133531159
BPCL,337,2023-12-26,2025-05-06,14756092.498516321,293.57166172106827
CENTRALBK,337,2023-12-26,2025-05-06,14634194.519287834,56.24287833827899
SWIGGY,116,2024-11-13,2025-05-06,14607084.02586207,420.14698275862065
ALOKINDS,337,2023-12-26,2025-05-06,14344671.741839763,24.192403560830872
ICICIBANK,337,2023-12-26,2025-05-06,14217818.210682493,1196.006231454007
RENUKA,337,2023-12-26,2025-05-06,13974411.267062314,42.052789317507376
BANDHANBNK,337,2023-12-26,2025-05-06,13329015.522255193,183.7672700296737
IRCON,337,2023-12-26,2025-05-06,13260564.21958457,220.8595252225518
VEDL,337,2023-12-26,2025-05-06,13137098.970326409,394.5103857566764
RELIANCE,337,2023-12-26,2025-05-06,13106446.587537091,1380.2218100890204
TATAPOWER,337,2023-12-26,2025-05-06,13064140.661721068,404.27062314540063
TATAMOTORS,337,2023-12-26,2025-05-06,13059123.691394659,872.9353115727
PFC,337,2023-12-26,2025-05-06,12887650.881305639,449.9623145400595
IDBI,337,2023-12-26,2025-05-06,12745044.53115727,83.04718100890213
RECLTD,337,2023-12-26,2025-05-06,12418363.376854599,497.1418397626114
BANKINDIA,337,2023-12-26,2025-05-06,12313136.035608308,118.28142433234424
FEDERALBNK,337,2023-12-26,2025-05-06,12265487.774480712,179.8189317507418
ASHOKLEY,337,2023-12-26,2025-05-06,11966279.430267062,210.57370919881305
IEX,337,2023-12-26,2025-05-06,11775824.020771513,171.3720178041543
TTML,337,2023-12-26,2025-05-06,10965445.664688427,78.90314540059349
MANAPPURAM,337,2023-12-26,2025-05-06,10389755.376854599,190.70391691394664
COALINDIA,337,2023-12-26,2025-05-06,10264534.706231454,427.8864985163205
INOXWIND,337,2023-12-26,2025-05-06,9758261.382789318,167.7645994065281
HINDPETRO,337,2023-12-26,2025-05-06,9692963.94065282,352.68916913946595
AXISBANK,337,2023-12-26,2025-05-06,9467479.703264095,1124.1774480712172
NSLNISP,337,2023-12-26,2025-05-06,9263188.65875371,50.98718100890207
RBLBANK,337,2023-12-26,2025-05-06,9083965.388724037,213.94679525222548
SAMMAANCAP,337,2023-12-26,2025-05-06,8798755.091988131,157.6667359050446
HINDCOPPER,337,2023-12-26,2025-05-06,8749085.724035608,286.80115727002953
JMFINANCIL,337,2023-12-26,2025-05-06,8709655.504451038,105.72724035608307
NYKAA,337,2023-12-26,2025-05-06,8263518.038575668,175.6877151335311
PAYTM,337,2023-12-26,2025-05-06,7560300.940652819,630.9390207715134
MSUMI,337,2023-12-26,2025-05-06,7285233.913946588,64.17854599406525
ENGINERSIN,337,2023-12-26,2025-05-06,7284836.611275964,207.05409495548963
SHRIRAMFIN,337,2023-12-26,2025-05-06,7260630.03264095,564.0112759643914
KALYANKJIL,337,2023-12-26,2025-05-06,7219241.540059348,520.8240356083083
PPLPHARMA,337,2023-12-26,2025-05-06,7202162.56379822,189.70670623145404
INFY,337,2023-12-26,2025-05-06,7083958.916913946,1703.7264094955492
IGL,337,2023-12-26,2025-05-06,6885218.12462908,221.53985163204737
LTF,337,2023-12-26,2025-05-06,6854509.50148368,159.98216617210696
CESC,337,2023-12-26,2025-05-06,6827919.430267062,153.91703264094969
HINDALCO,337,2023-12-26,2025-05-06,6791706.278931751,634.5772997032645
CASTROLIND,337,2023-12-26,2025-05-06,6756598.121661721,212.1537982195844
MMTC,337,2023-12-26,2025-05-06,6516938.495548962,75.50047477744806
BHARTIARTL,337,2023-12-26,2025-05-06,6436279.878338279,1471.3584569732936
NCC,337,2023-12-26,2025-05-06,6370144.762611276,262.65359050445073
OIL,337,2023-12-26,2025-05-06,6348759.459940652,448.79732937685475
ADANIPOWER,337,2023-12-26,2025-05-06,6328840.694362018,588.9320474777446
RCF,337,2023-12-26,2025-05-06,6251404.49851632,163.2911275964392
VBL,337,2023-12-26,2025-05-06,6210829.5222551925,578.6146884273002
ABCAPITAL,337,2023-12-26,2025-05-06,6121149.115727003,198.11213649851626
INDUSINDBK,337,2023-12-26,2025-05-06,5853742.851632047,1261.695994065282
RTNINDIA,337,2023-12-26,2025-05-06,5669620.765578635,68.92545994065283
BIOCON,337,2023-12-26,2025-05-06,5626460.620178042,326.6094955489616
RAILTEL,337,2023-12-26,2025-05-06,5617706.12462908,399.6649851632045
MRPL,337,2023-12-26,2025-05-06,5615502.367952522,178.27866468842723
ITI,337,2023-12-26,2025-05-06,5484538.958456974,296.29988130563805
KOTAKBANK,337,2023-12-26,2025-05-06,5357128.919881306,1826.3816023738868
SCI,337,2023-12-26,2025-05-06,5219684.777448071,220.43997032640968
NLCINDIA,337,2023-12-26,2025-05-06,5037056.545994066,243.74905044510376
EXIDEIND,337,2023-12-26,2025-05-06,4920160.6676557865,422.183827893175
ABFRL,337,2023-12-26,2025-05-06,4900734.065281899,278.31795252225515
MAZDOCK,337,2023-12-26,2025-05-06,4871786.008902078,1917.3280415430268
FSL,337,2023-12-26,2025-05-06,4657514.931750742,280.5297922848664
PETRONET,337,2023-12-26,2025-05-06,4593957.738872403,306.8182492581604
LEMONTREE,337,2023-12-26,2025-05-06,4542181.459940652,135.99703264094956
RITES,337,2023-12-26,2025-05-06,4405648.49851632,305.3540652818991
HDFCLIFE,337,2023-12-26,2025-05-06,4299618.84272997,643.3912462908011
ADANIPORTS,337,2023-12-26,2025-05-06,4246700.403560831,1296.9965875370922
J&KBANK,337,2023-12-26,2025-05-06,4146872.955489614,112.78795252225521
NETWORK18,337,2023-12-26,2025-05-06,4115819.6320474776,79.60243323442134
JSWENERGY,337,2023-12-26,2025-05-06,3987504.93768546,597.8786350148368
DLF,337,2023-12-26,2025-05-06,3984273.0860534124,805.8178041543023
CDSL,337,2023-12-26,2025-05-06,3897412.415430267,1243.5001483679534
BLS,337,2023-12-26,2025-05-06,3869838.9198813057,379.83323442136515
CUB,337,2023-12-26,2025-05-06,3838339.1097922847,159.44305637982202
INDHOTEL,337,2023-12-26,2025-05-06,3832198.0356083084,665.4811572700296
IGIL,91,2024-12-20,2025-05-06,3816182.4615384615,437.8467032967033
PREMIERENE,166,2024-09-03,2025-05-06,3769140.198795181,1062.7159638554215
INDIACEM,337,2023-12-26,2025-05-06,3766302.931750742,293.5735608308606
NIVABUPA,115,2024-11-14,2025-05-06,3651094.0608695652,78.52686956521742
GPPL,337,2023-12-26,2025-05-06,3631101.955489614,187.50560830860516
PCBL,337,2023-12-26,2025-05-06,3627601.2611275963,360.9143323442136
DBREALTY,337,2023-12-26,2025-05-06,3592307.510385757,192.34629080118702
SWANENERGY,337,2023-12-26,2025-05-06,3493107.465875371,593.8385756676553
WELSPUNLIV,337,2023-12-26,2025-05-06,3480187.7863501483,152.03094955489615
JSWINFRA,337,2023-12-26,2025-05-06,3396993.3086053412,284.06483679525223
AUBANK,337,2023-12-26,2025-05-06,3368496.1661721068,625.7455489614241
AMBUJACEM,337,2023-12-26,2025-05-06,3357216.59347181,580.8912462908006
CGPOWER,337,2023-12-26,2025-05-06,3343926.578635015,629.6823442136499
SBFC,337,2023-12-26,2025-05-06,3246805.0830860534,86.4691097922849
M&M,337,2023-12-26,2025-05-06,3232557.3857566766,2574.643620178039
REDINGTON,337,2023-12-26,2025-05-06,3224361.169139466,206.65442136498524
CROMPTON,337,2023-12-26,2025-05-06,3196609.1216617213,367.23857566765605
UPL,337,2023-12-26,2025-05-06,3185210.9643916916,542.1816023738876
HCLTECH,337,2023-12-26,2025-05-06,3111902.118694362,1637.736350148368
M&MFIN,337,2023-12-26,2025-05-06,3047771.3145400593,281.08412462908035
COCHINSHIP,337,2023-12-26,2025-05-06,2927562.412462908,1500.0600890207722
DEVYANI,337,2023-12-26,2025-05-06,2924165.3649851633,170.29961424332333
CHAMBLFERT,337,2023-12-26,2025-05-06,2908411.5608308604,475.60059347181044
JWL,337,2023-12-26,2025-05-06,2893227.3916913946,459.11839762611265
ADANIENSOL,337,2023-12-26,2025-05-06,2861750.5578635014,957.7422848664697
ADANIGREEN,337,2023-12-26,2025-05-06,2859874.6617210684,1527.0302670623157
AWL,337,2023-12-26,2025-05-06,2824132.9080118695,325.10308605341265
DELHIVERY,337,2023-12-26,2025-05-06,2815058.6201780415,379.92925816023785
LICI,337,2023-12-26,2025-05-06,2744886.0830860534,937.7897626112765
DABUR,337,2023-12-26,2025-05-06,2716181.721068249,550.1243323442137
WAAREEENER,128,2024-10-28,2025-05-06,2676249.1328125,2554.466796874999
AFCONS,123,2024-11-04,2025-05-06,2659011.0894308942,476.45853658536583
JUBLFOOD,337,2023-12-26,2025-05-06,2603526.931750742,591.8102373887237
LAURUSLABS,337,2023-12-26,2025-05-06,2514777.727002967,487.32537091988127
BSOFT,337,2023-12-26,2025-05-06,2465975.7388724037,617.6158753709202
IRCTC,337,2023-12-26,2025-05-06,2464137.4362017806,887.9431750741841
TCS,337,2023-12-26,2025-05-06,2438711.75074184,4001.6360534124647
LT,337,2023-12-26,2025-05-06,2425203.9198813057,3532.2421364985184
POONAWALLA,337,2023-12-26,2025-05-06,2421420.985163205,396.46468842729973
HINDZINC,337,2023-12-26,2025-05-06,2395261.050445104,470.4439169139468
MARICO,337,2023-12-26,2025-05-06,2343232.522255193,614.036350148368
KARURVYSYA,337,2023-12-26,2025-05-06,2342797.0,206.11249258160242
GPIL,337,2023-12-26,2025-05-06,2331397.4362017806,184.43338278931745
IIFL,337,2023-12-26,2025-05-06,2324768.299703264,437.1461424332345
MAXHEALTH,337,2023-12-26,2025-05-06,2323837.991097923,933.1476261127605
LICHSGFIN,337,2023-12-26,2025-05-06,2309464.252225519,629.2041543026713
NIACL,337,2023-12-26,2025-05-06,2277822.949554896,217.65023738872424
SUNPHARMA,337,2023-12-26,2025-05-06,2276945.578635015,1661.0022255192869
GSPL,337,2023-12-26,2025-05-06,2249342.047477745,341.86335311572714
HAL,337,2023-12-26,2025-05-06,2248924.115727003,4077.01973293768
JSWSTEEL,337,2023-12-26,2025-05-06,2242934.299703264,921.6264094955488
GICRE,337,2023-12-26,2025-05-06,2238406.459940653,384.8801186943622
JINDALSTEL,337,2023-12-26,2025-05-06,2178337.305637982,906.7817507418395
BSE,337,2023-12-26,2025-05-06,2157012.525222552,3680.543620178042
TECHM,337,2023-12-26,2025-05-06,2155677.7893175073,1471.4354599406524
HEG,337,2023-12-26,2025-05-06,2152845.5489614243,427.6574183976261
DRREDDY,337,2023-12-26,2025-05-06,2151472.9050445105,1248.6801186943635
APOLLOTYRE,337,2023-12-26,2025-05-06,2150308.231454006,486.42477744807127
GMDCLTD,337,2023-12-26,2025-05-06,2144020.988130564,362.3537982195844
SWSOLAR,337,2023-12-26,2025-05-06,2136400.6053412464,529.8001483679527
ATGL,337,2023-12-26,2025-05-06,2129891.537091988,816.5121661721073
GRANULES,337,2023-12-26,2025-05-06,2125001.24925816,512.3856083086056
ADANIENT,337,2023-12-26,2025-05-06,2117667.5548961423,2839.996290801186
HBLENGINE,337,2023-12-26,2025-05-06,2112738.646884273,539.7356083086056
SONACOMS,337,2023-12-26,2025-05-06,2059480.5786350148,620.972106824926
JINDALSAW,337,2023-12-26,2025-05-06,2049136.12462908,279.15857566765595
INDIANB,337,2023-12-26,2025-05-06,2029725.293768546,531.5507418397628
BDL,337,2023-12-26,2025-05-06,1970283.240356083,1161.2787833827892
ANANTRAJ,337,2023-12-26,2025-05-06,1957289.3323442137,522.8538575667657
MOTILALOFS,337,2023-12-26,2025-05-06,1923548.1958456973,646.2330860534125
HINDUNILVR,337,2023-12-26,2025-05-06,1921499.534124629,2472.151483679524
AARTIIND,337,2023-12-26,2025-05-06,1882256.8011869437,565.5995548961428
GRSE,337,2023-12-26,2025-05-06,1879566.0949554895,1460.6452522255186
VOLTAS,337,2023-12-26,2025-05-06,1863432.4362017803,1439.948664688427
CGCL,337,2023-12-26,2025-05-06,1862783.5637982197,203.4147477744806
TRITURBINE,337,2023-12-26,2025-05-06,1858815.3056379822,601.0090504451036
POLICYBZR,337,2023-12-26,2025-05-06,1853049.3056379822,1471.011127596439
TITAGARH,337,2023-12-26,2025-05-06,1828977.474777448,1124.737982195846
GODIGIT,236,2024-05-23,2025-05-06,1825488.9449152541,328.6345338983053
TATACONSUM,337,2023-12-26,2025-05-06,1820971.8011869437,1079.6014836795248
CIPLA,337,2023-12-26,2025-05-06,1810471.296735905,1482.7765578635017
CONCOR,337,2023-12-26,2025-05-06,1796555.5400593472,880.245548961425
ACMESOLAR,116,2024-11-13,2025-05-06,1758176.25,220.29362068965517
BAJAJFINSV,337,2023-12-26,2025-05-06,1733468.350148368,1702.4973293768553
ICICIPRULI,337,2023-12-26,2025-05-06,1727193.756676558,625.3731454005931
CHOLAFIN,337,2023-12-26,2025-05-06,1721228.1394658755,1325.2198813056382
PNBHOUSING,337,2023-12-26,2025-05-06,1676967.0326409496,844.0011869436211
BALRAMCHIN,337,2023-12-26,2025-05-06,1652307.9732937685,479.10400593471815
FORTIS,337,2023-12-26,2025-05-06,1629488.7774480712,545.3041543026708
TATACHEM,337,2023-12-26,2025-05-06,1628978.4005934717,1027.8873887240359
SBICARD,337,2023-12-26,2025-05-06,1617064.2789317507,749.1737388724033
TATATECH,337,2023-12-26,2025-05-06,1597938.46884273,968.1100890207713
ZYDUSLIFE,337,2023-12-26,2025-05-06,1589205.3204747774,979.3136498516329
SAILIFE,93,2024-12-18,2025-05-06,1577859.7634408602,710.9833333333335
AEGISLOG,337,2023-12-26,2025-05-06,1568434.412462908,684.7614243323438
AUROPHARMA,337,2023-12-26,2025-05-06,1557566.7507418399,1234.2597922848668
KNRCON,337,2023-12-26,2025-05-06,1549146.3175074183,294.17780415430286
CHENNPETRO,337,2023-12-26,2025-05-06,1544818.6765578636,791.3097922848668
ASTERDM,337,2023-12-26,2025-05-06,1524820.2818991097,427.31795252225515
AADHARHFC,242,2024-05-15,2025-05-06,1482868.0537190083,419.85144628099164
JSL,337,2023-12-26,2025-05-06,1471586.8130563798,681.1896142433233
SBILIFE,337,2023-12-26,2025-05-06,1458740.005934718,1541.4725519287838
SONATSOFTW,337,2023-12-26,2025-05-06,1449082.9020771512,607.659198813057
PGEL,337,2023-12-26,2025-05-06,1440231.8961424332,521.455192878338
GRAPHITE,337,2023-12-26,2025-05-06,1430570.2255192879,541.7657270029674
LODHA,337,2023-12-26,2025-05-06,1428484.87537092,1235.3851632047476
HYUNDAI,132,2024-10-22,2025-05-06,1422167.0833333333,1764.187121212122
ZENSARTECH,337,2023-12-26,2025-05-06,1362081.5430267062,692.7161721068247
GODREJCP,337,2023-12-26,2025-05-06,1353351.3946587536,1251.0108308605327
BERGEPAINT,337,2023-12-26,2025-05-06,1344226.519287834,528.5635014836794
FINPIPE,337,2023-12-26,2025-05-06,1343119.8635014836,254.1026112759643
HONASA,337,2023-12-26,2025-05-06,1324536.824925816,370.93163204747754
CAMPUS,337,2023-12-26,2025-05-06,1317784.0356083086,274.7823442136497
GUJGASLTD,337,2023-12-26,2025-05-06,1314268.8011869437,535.0268545994059
BHARATFORG,337,2023-12-26,2025-05-06,1300999.6824925817,1334.3335311572703
HSCL,337,2023-12-26,2025-05-06,1296646.8664688428,448.3780415430266
ASIANPAINT,337,2023-12-26,2025-05-06,1276525.1038575668,2771.44183976261
TEJASNET,337,2023-12-26,2025-05-06,1234163.9584569733,1046.4875370919888
BAJFINANCE,337,2023-12-26,2025-05-06,1227222.7299703264,7306.4793768546015
KPITTECH,337,2023-12-26,2025-05-06,1219918.4272997032,1506.062908011869
ANGELONE,337,2023-12-26,2025-05-06,1212625.5697329377,2673.7608308605354
FIRSTCRY,180,2024-08-13,2025-05-06,1212285.8666666667,527.8197222222224
LUPIN,337,2023-12-26,2025-05-06,1204456.0267062315,1885.193323442135
USHAMART,337,2023-12-26,2025-05-06,1188493.7210682493,349.0329376854597
ARE&M,337,2023-12-26,2025-05-06,1176589.3382789318,1157.8580118694365
DEEPAKFERT,337,2023-12-26,2025-05-06,1172630.0741839763,905.1307121661722
PRAJIND,337,2023-12-26,2025-05-06,1160878.5044510385,629.4066765578633
KFINTECH,337,2023-12-26,2025-05-06,1153230.9554896143,900.6287833827893
TITAN,337,2023-12-26,2025-05-06,1148778.9851632048,3445.447626112758
KEC,337,2023-12-26,2025-05-06,1148267.3442136499,835.9909495548967
PEL,337,2023-12-26,2025-05-06,1144499.4599406528,970.796439169139
LTFOODS,337,2023-12-26,2025-05-06,1127546.6706231453,307.9892284866469
PNCINFRA,337,2023-12-26,2025-05-06,1105621.4332344213,387.5707715133534
OLECTRA,337,2023-12-26,2025-05-06,1104906.6824925817,1581.1054896142439
SYRMA,337,2023-12-26,2025-05-06,1097213.6676557863,495.9455489614244
HAVELLS,337,2023-12-26,2025-05-06,1095725.8130563798,1655.5885756676553
PRESTIGE,337,2023-12-26,2025-05-06,1093850.465875371,1494.6452522255195
INDIGO,337,2023-12-26,2025-05-06,1075995.5459940652,4172.075074183976
MFSL,337,2023-12-26,2025-05-06,1069828.3976261127,1064.5194362017799
NAM-INDIA,337,2023-12-26,2025-05-06,1066191.059347181,606.9635014836803
GNFC,337,2023-12-26,2025-05-06,1060648.9228486647,621.6798219584566
TRENT,337,2023-12-26,2025-05-06,1032808.4480712166,5420.120178041547
TANLA,337,2023-12-26,2025-05-06,1015183.5341246291,812.6038575667652
TORNTPOWER,337,2023-12-26,2025-05-06,1004553.0237388724,1473.4314540059347
STARHEALTH,337,2023-12-26,2025-05-06,1002534.7566765578,513.808605341246
JYOTHYLAB,337,2023-12-26,2025-05-06,995637.4836795252,447.17997032640915
BHARTIHEXA,263,2024-04-12,2025-05-06,984155.1216730038,1280.1946768060823
FIVESTAR,337,2023-12-26,2025-05-06,979208.8605341247,735.0320474777451
SYNGENE,337,2023-12-26,2025-05-06,970855.1127596439,767.2681008902076
JKTYRE,337,2023-12-26,2025-05-06,969753.1483679526,394.0434718100891
WELCORP,337,2023-12-26,2025-05-06,965666.878338279,669.439169139466
OBEROIRLTY,337,2023-12-26,2025-05-06,958905.2017804154,1715.1550445103846
PHOENIXLTD,337,2023-12-26,2025-05-06,948019.5578635015,1583.811127596439
INDGN,244,2024-05-13,2025-05-06,941177.9672131147,598.4936475409831
FACT,337,2023-12-26,2025-05-06,932084.3709198813,834.8928783382788
NATCOPHARM,337,2023-12-26,2025-05-06,925835.0474777448,1137.4511869436192
TVSMOTOR,337,2023-12-26,2025-05-06,919052.821958457,2374.8356083086037
TRIVENI,337,2023-12-26,2025-05-06,916916.706231454,387.83753709198777
APTUS,337,2023-12-26,2025-05-06,916439.3738872403,324.44688427299684
NESTLEIND,337,2023-12-26,2025-05-06,916005.2818991098,2423.0850148367945
GLENMARK,337,2023-12-26,2025-05-06,900727.3501483679,1325.549554896143
UNITDSPR,337,2023-12-26,2025-05-06,893912.0178041543,1345.2824925816014
EMAMILTD,337,2023-12-26,2025-05-06,886532.5727002968,611.0824925816019
EIHOTEL,337,2023-12-26,2025-05-06,877680.7091988131,391.3502967359051
GODREJPROP,337,2023-12-26,2025-05-06,864328.3293768546,2598.8369436201783
SARDAEN,337,2023-12-26,2025-05-06,863438.3768545995,353.2048071216616
CREDITACC,337,2023-12-26,2025-05-06,855880.2195845697,1222.3136498516315
UNOMINDA,337,2023-12-26,2025-05-06,852565.4629080119,904.8627596439168
SAREGAMA,337,2023-12-26,2025-05-06,840847.4005934718,479.7253709198812
TARIL,337,2023-12-26,2025-05-06,836234.2878338279,362.06112759643923
RKFORGE,337,2023-12-26,2025-05-06,802495.5786350148,819.0396142433244
SAPPHIRE,337,2023-12-26,2025-05-06,785216.8931750741,310.36973293768534
ICICIGI,337,2023-12-26,2025-05-06,782932.0,1801.5618694362013
SHYAMMETL,337,2023-12-26,2025-05-06,781365.5400593472,740.633234421365
360ONE,337,2023-12-26,2025-05-06,777069.9792284867,926.8875370919884
MPHASIS,337,2023-12-26,2025-05-06,775806.4629080119,2647.5856083086032
GRASIM,337,2023-12-26,2025-05-06,774436.6379821958,2477.005192878337
ELECON,337,2023-12-26,2025-05-06,770849.3501483679,555.107418397626
INTELLECT,337,2023-12-26,2025-05-06,768671.3115727003,899.4261127596442
NAVA,337,2023-12-26,2025-05-06,751854.8071216617,388.87551928783387
JUBLINGREA,337,2023-12-26,2025-05-06,743179.4302670623,619.6169139465875
GESHIP,337,2023-12-26,2025-05-06,723748.181008902,1072.6501483679526
PATANJALI,337,2023-12-26,2025-05-06,723268.4302670623,1683.167655786349
SUNTV,337,2023-12-26,2025-05-06,711418.5756676558,698.1802670623154
HEROMOTOCO,337,2023-12-26,2025-05-06,708834.1661721069,4586.965875370916
CANFINHOME,337,2023-12-26,2025-05-06,704459.2789317508,774.5013353115726
MGL,337,2023-12-26,2025-05-06,686037.5637982195,1450.8296735905046
JYOTICNC,322,2024-01-16,2025-05-06,674790.1770186336,1015.7208074534165
POLYCAB,337,2023-12-26,2025-05-06,673421.6884272997,6018.116913946587
CUMMINSIND,337,2023-12-26,2025-05-06,672829.646884273,3199.4468842729952
JBMA,337,2023-12-26,2025-05-06,665667.2908011869,861.887982195846
WOCKPHARMA,337,2023-12-26,2025-05-06,660841.6320474778,952.7443620178043
MUTHOOTFIN,337,2023-12-26,2025-05-06,659389.9287833828,1852.614985163204
DATAPATTNS,337,2023-12-26,2025-05-06,649872.0415430267,2415.210682492582
MANKIND,337,2023-12-26,2025-05-06,639581.4451038575,2358.2979228486643
SUMICHEM,337,2023-12-26,2025-05-06,635554.6290801187,479.73664688427334
MINDACORP,337,2023-12-26,2025-05-06,635314.5608308605,484.89866468842706
APLAPOLLO,337,2023-12-26,2025-05-06,632670.2195845697,1515.8826409495557
SRF,337,2023-12-26,2025-05-06,613941.9525222552,2495.3241839762595
HAPPSTMNDS,337,2023-12-26,2025-05-06,605009.4094955489,773.3870919881304
DMART,337,2023-12-26,2025-05-06,601455.762611276,4241.827448071214
PVRINOX,337,2023-12-26,2025-05-06,596668.7210682492,1351.301483679525
EICHERMOT,337,2023-12-26,2025-05-06,596387.9910979229,4685.845548961424
PERSISTENT,337,2023-12-26,2025-05-06,583228.6795252225,4867.274332344215
ASTRAL,337,2023-12-26,2025-05-06,582121.181008902,1836.5439169139463
SIGNATURE,337,2023-12-26,2025-05-06,578330.5608308605,1293.874925816024
VIJAYA,337,2023-12-26,2025-05-06,576498.5222551929,872.8982195845701
JUSTDIAL,337,2023-12-26,2025-05-06,574024.8367952523,997.0109792284865
MCX,337,2023-12-26,2025-05-06,559733.5786350148,4804.240059347182
COFORGE,337,2023-12-26,2025-05-06,556432.1632047477,6835.998219584573
LATENTVIEW,337,2023-12-26,2025-05-06,549681.5667655786,467.70771513353174
DIVISLAB,337,2023-12-26,2025-05-06,549383.6795252225,4933.620623145401
SIEMENS,337,2023-12-26,2025-05-06,547842.9495548961,4567.082789317511
KANSAINER,337,2023-12-26,2025-05-06,547227.0267062314,278.13065281899117
VGUARD,337,2023-12-26,2025-05-06,545072.1899109792,385.1688427299704
TATACOMM,337,2023-12-26,2025-05-06,544986.7181008902,1777.8146884272985
EIDPARRY,337,2023-12-26,2025-05-06,542532.7715133531,739.5318991097922
ZENTEC,337,2023-12-26,2025-05-06,535830.0385756677,1402.7955489614255
KIMS,337,2023-12-26,2025-05-06,534087.1454005935,499.40341246290797
AKUMS,185,2024-08-06,2025-05-06,533295.7621621621,671.5370270270269
CYIENT,337,2023-12-26,2025-05-06,531370.7477744807,1803.1170623145404
LLOYDSME,337,2023-12-26,2025-05-06,531127.4955489615,884.7729970326411
IKS,92,2024-12-19,2025-05-06,528837.5326086957,1690.8086956521731
MARUTI,337,2023-12-26,2025-05-06,525829.6112759644,11882.898961424336
BLUESTARCO,337,2023-12-26,2025-05-06,522792.881305638,1686.3163204747777
BEML,337,2023-12-26,2025-05-06,511507.17210682493,3630.0750741839765
ELGIEQUIP,337,2023-12-26,2025-05-06,502820.4065281899,604.5473293768542
HDFCAMC,337,2023-12-26,2025-05-06,493727.3026706231,3997.8998516320517
RAYMOND,337,2023-12-26,2025-05-06,491148.7418397626,1813.058011869437
NH,337,2023-12-26,2025-05-06,488519.13056379824,1325.049703264095
COROMANDEL,337,2023-12-26,2025-05-06,486985.5014836795,1562.8201780415425
BAJAJ-AUTO,337,2023-12-26,2025-05-06,485030.57270029676,9031.598367952518
KAYNES,337,2023-12-26,2025-05-06,484648.11275964393,4370.731454005933
BIKAJI,337,2023-12-26,2025-05-06,480031.1513353116,687.8735905044512
DIXON,337,2023-12-26,2025-05-06,471653.7121661721,11977.347922848667
IPCALAB,337,2023-12-26,2025-05-06,466979.69139465876,1360.448813056379
JUBLPHARMA,337,2023-12-26,2025-05-06,465045.0118694362,854.985608308606
LTIM,337,2023-12-26,2025-05-06,462825.1246290801,5465.265875370918
FINCABLES,337,2023-12-26,2025-05-06,456707.70326409495,1162.3458456973283
GODREJIND,337,2023-12-26,2025-05-06,456641.9347181009,954.9756676557872
NEWGEN,337,2023-12-26,2025-05-06,454686.3501483679,1042.346587537092
AMBER,337,2023-12-26,2025-05-06,453970.0059347181,5014.824035608308
COLPAL,337,2023-12-26,2025-05-06,453339.05637982197,2853.8293768545996
KPIL,337,2023-12-26,2025-05-06,441657.0,1117.466765578636
BRIGADE,337,2023-12-26,2025-05-06,435828.55192878336,1123.61706231454
MEDANTA,337,2023-12-26,2025-05-06,423776.4362017804,1180.5866468842733
ABB,337,2023-12-26,2025-05-06,422867.09792284865,6658.797922848659
INOXINDIA,337,2023-12-26,2025-05-06,421370.409495549,1132.0344213649848
ACC,337,2023-12-26,2025-05-06,417004.7477744807,2313.387982195845
MAHSEAMLES,337,2023-12-26,2025-05-06,414918.08308605343,734.7367952522258
APOLLOHOSP,337,2023-12-26,2025-05-06,411590.61424332345,6554.330415430269
CAMS,337,2023-12-26,2025-05-06,410191.52522255195,3797.044658753707
KEI,337,2023-12-26,2025-05-06,407879.4807121662,3839.3626112759657
DALBHARAT,337,2023-12-26,2025-05-06,407837.79525222554,1886.4350148367953
SUVENPHAR,337,2023-12-26,2025-05-06,407736.0118694362,953.9207715133535
HOMEFIRST,337,2023-12-26,2025-05-06,405446.4807121662,1016.198961424333
ACE,337,2023-12-26,2025-05-06,401262.9228486647,1294.4468842729966
PIDILITIND,337,2023-12-26,2025-05-06,400753.3471810089,2965.374332344215
RHIM,337,2023-12-26,2025-05-06,400029.65578635014,579.8991097922848
ABSLAMC,337,2023-12-26,2025-05-06,395087.1988130564,642.8212166172106
VTL,337,2023-12-26,2025-05-06,393470.0445103858,459.9864985163206
BRITANNIA,337,2023-12-26,2025-05-06,377005.94955489616,5244.712759643921
AFFLE,337,2023-12-26,2025-05-06,376749.0415430267,1413.1476261127596
SOBHA,337,2023-12-26,2025-05-06,375729.4213649852,1546.5765578635014
ABREL,337,2023-12-26,2025-05-06,371512.881305638,2098.2179525222546
KPRMILL,337,2023-12-26,2025-05-06,362778.3768545994,880.5818991097922
GRAVITA,337,2023-12-26,2025-05-06,355693.6379821958,1635.0402077151336
ULTRACEMCO,337,2023-12-26,2025-05-06,351742.5192878338,10854.113353115723
DEEPAKNTR,337,2023-12-26,2025-05-06,348359.6172106825,2447.4909495548964
BATAINDIA,337,2023-12-26,2025-05-06,345229.8189910979,1392.6099406528194
CHALET,337,2023-12-26,2025-05-06,345087.91691394657,824.3559347181011
GLAND,337,2023-12-26,2025-05-06,344493.1839762611,1770.884421364985
KIRLOSENG,337,2023-12-26,2025-05-06,333776.82195845695,1000.439169139466
PIIND,337,2023-12-26,2025-05-06,333554.3293768546,3822.4283382789295
SCHNEIDER,337,2023-12-26,2025-05-06,331049.4243323442,714.6761127596434
CCL,337,2023-12-26,2025-05-06,323248.90207715135,641.2977744807121
GODREJAGRO,337,2023-12-26,2025-05-06,322806.2106824926,680.3568249258162
AAVAS,337,2023-12-26,2025-05-06,318713.6587537092,1680.383531157268
TORNTPHARM,337,2023-12-26,2025-05-06,316947.79228486645,3008.599258160238
WHIRLPOOL,337,2023-12-26,2025-05-06,304128.4391691395,1608.7811572700298
GVT&D,337,2023-12-26,2025-05-06,297760.46884273,1420.009347181009
NAUKRI,337,2023-12-26,2025-05-06,296398.82789317507,6823.934124629074
BALKRISIND,337,2023-12-26,2025-05-06,295206.86943620176,2733.8724035608298
TIINDIA,337,2023-12-26,2025-05-06,294891.6528189911,3644.395845697331
TECHNOE,337,2023-12-26,2025-05-06,294642.2878338279,1216.1287833827892
OFSS,337,2023-12-26,2025-05-06,286006.8783382789,9204.70133531157
UBL,337,2023-12-26,2025-05-06,276492.590504451,1956.5891691394654
CHOLAHLDNG,337,2023-12-26,2025-05-06,273833.0,1442.450741839762
KAJARIACER,337,2023-12-26,2025-05-06,270363.0712166172,1207.9513353115735
RADICO,337,2023-12-26,2025-05-06,268185.3175074184,1977.0759643916913
CENTURYPLY,337,2023-12-26,2025-05-06,263301.52522255195,746.2430267062315
INDIAMART,337,2023-12-26,2025-05-06,262831.20771513355,2531.394807121663
APLLTD,337,2023-12-26,2025-05-06,262346.118694362,993.6323442136509
ESCORTS,337,2023-12-26,2025-05-06,250962.14540059346,3437.9089020771517
MANYAVAR,337,2023-12-26,2025-05-06,248442.92581602375,1086.2406528189908
UTIAMC,337,2023-12-26,2025-05-06,244120.75074183976,1038.0605341246298
LALPATHLAB,337,2023-12-26,2025-05-06,237809.77744807123,2772.714836795252
RAINBOW,337,2023-12-26,2025-05-06,236353.9169139466,1348.8351632047481
NETWEB,337,2023-12-26,2025-05-06,234346.90801186944,2073.708753709199
NAVINFLUOR,337,2023-12-26,2025-05-06,234078.19584569734,3535.787091988128
RRKABEL,337,2023-12-26,2025-05-06,233204.70919881307,1469.9332344213663
ASAHIINDIA,337,2023-12-26,2025-05-06,230454.76261127598,640.5700296735905
CEATLTD,337,2023-12-26,2025-05-06,225339.09495548962,2764.4394658753677
ALKEM,337,2023-12-26,2025-05-06,224824.54302670623,5282.448813056381
EMCURE,203,2024-07-10,2025-05-06,224316.57142857142,1274.8652709359608
METROPOLIS,337,2023-12-26,2025-05-06,221482.3115727003,1884.0637982195842
TBOTEK,242,2024-05-15,2025-05-06,220062.27272727274,1570.948966942149
JBCHEPHARM,337,2023-12-26,2025-05-06,217269.7418397626,1752.1244807121668
TATAELXSI,337,2023-12-26,2025-05-06,211409.00890207716,7018.432789317506
ERIS,337,2023-12-26,2025-05-06,207738.56379821958,1151.392878338279
GLAXO,337,2023-12-26,2025-05-06,205664.43323442136,2427.703264094956
SUPREMEIND,337,2023-12-26,2025-05-06,205155.51928783383,4584.186795252227
CAPLIPOINT,337,2023-12-26,2025-05-06,201934.41543026705,1742.5520771513354
GODFRYPHLP,337,2023-12-26,2025-05-06,199664.93175074185,4793.161869436202
ROUTE,337,2023-12-26,2025-05-06,193138.40356083086,1446.9100890207728
CARBORUNIV,337,2023-12-26,2025-05-06,190674.4005934718,1319.1020771513352
KIRLOSBROS,337,2023-12-26,2025-05-06,189292.80712166172,1669.0534124629085
SUNDARMFIN,337,2023-12-26,2025-05-06,184915.60830860535,4442.668991097923
MAPMYINDIA,337,2023-12-26,2025-05-06,184690.765578635,1912.8649851632065
BBTC,337,2023-12-26,2025-05-06,182268.23145400593,2013.5164688427292
ALIVUS,337,2023-12-26,2025-05-06,177216.88130563797,956.7231454005934
MASTEK,337,2023-12-26,2025-05-06,174562.6350148368,2710.2341246290803
LTTS,337,2023-12-26,2025-05-06,173000.02077151334,5082.6793768545995
CONCORDBIO,337,2023-12-26,2025-05-06,168387.51632047477,1725.29762611276
DOMS,337,2023-12-26,2025-05-06,167159.9703264095,2261.8888724035614
RAYMONDLSL,164,2024-09-05,2025-05-06,163102.48780487804,1753.0789634146336
ANANDRATHI,337,2023-12-26,2025-05-06,159522.95548961425,1877.3293768545998
CLEAN,337,2023-12-26,2025-05-06,158445.353115727,1403.2489614243323
WESTLIFE,337,2023-12-26,2025-05-06,157126.17210682493,796.9541543026713
THERMAX,337,2023-12-26,2025-05-06,156494.74777448073,4235.84376854599
AJANTPHARM,337,2023-12-26,2025-05-06,152443.51038575667,2601.9961424332314
POLYMED,337,2023-12-26,2025-05-06,149921.85459940654,2096.781454005936
FLUOROCHEM,337,2023-12-26,2025-05-06,148375.47477744808,3689.084866468841
ENDURANCE,337,2023-12-26,2025-05-06,145373.706231454,2161.5326409495538
APARINDS,337,2023-12-26,2025-05-06,145281.97922848666,7818.028931750742
SUNDRMFAST,337,2023-12-26,2025-05-06,141754.64391691395,1173.680860534125
JKCEMENT,337,2023-12-26,2025-05-06,139390.11869436203,4389.949851632049
SOLARINDS,337,2023-12-26,2025-05-06,130408.61424332345,9627.374183976266
TIMKEN,337,2023-12-26,2025-05-06,123422.69732937685,3300.511869436199
NUVAMA,337,2023-12-26,2025-05-06,118141.6765578635,5504.798219584571
DCMSHRIRAM,337,2023-12-26,2025-05-06,113812.27299703265,1040.222848664688
SCHAEFFLER,337,2023-12-26,2025-05-06,106061.93471810089,3560.579673590503
TATAINVEST,337,2023-12-26,2025-05-06,102984.20474777448,6371.409198813056
ECLERX,337,2023-12-26,2025-05-06,100598.78635014837,2750.0827893175074
AIIL,257,2024-04-23,2025-05-06,91268.63424124513,1475.1151750972772
ALKYLAMINE,337,2023-12-26,2025-05-06,88394.46587537092,2019.4569732937684
LINDEINDIA,337,2023-12-26,2025-05-06,88096.79821958457,6989.886053412458
POWERINDIA,337,2023-12-26,2025-05-06,86310.03560830861,10894.987388724034
AIAENG,337,2023-12-26,2025-05-06,75996.93471810089,3791.0502967359016
ATUL,337,2023-12-26,2025-05-06,73037.91988130564,6669.049703264096
CRAFTSMAN,337,2023-12-26,2025-05-06,64471.780415430265,4914.882492581608
CRISIL,337,2023-12-26,2025-05-06,62115.940652818994,4709.037091988129
BAJAJHLDNG,337,2023-12-26,2025-05-06,58706.15430267062,9887.852670623144
SKFINDIA,337,2023-12-26,2025-05-06,54574.41246290801,4825.732344213653
NEULANDLAB,337,2023-12-26,2025-05-06,46914.24332344213,10302.692729970326
BASF,337,2023-12-26,2025-05-06,46876.857566765575,4992.035608308606
GILLETTE,337,2023-12-26,2025-05-06,46380.42729970327,7949.568100890215
ASTRAZEN,337,2023-12-26,2025-05-06,45012.25222551929,6662.92640949555
PFIZER,337,2023-12-26,2025-05-06,39628.93175074184,4790.0686943620185
SHREECEM,337,2023-12-26,2025-05-06,38575.46587537092,26624.923887240373
BOSCHLTD,337,2023-12-26,2025-05-06,35724.45994065282,30860.47967359051
BAYERCROP,337,2023-12-26,2025-05-06,33516.09198813057,5731.441839762611
BLUEDART,337,2023-12-26,2025-05-06,29732.86053412463,7081.093026706235
PAGEIND,337,2023-12-26,2025-05-06,27894.66765578635,40854.047032640934
ZFCVINDIA,337,2023-12-26,2025-05-06,25107.127596439168,14158.124332344218
CERA,337,2023-12-26,2025-05-06,24587.086053412462,7446.7651335311575
PTCIL,337,2023-12-26,2025-05-06,16486.952522255193,11510.932344213652
ABBOTINDIA,337,2023-12-26,2025-05-06,14864.290801186944,28015.138872403546
MRF,337,2023-12-26,2025-05-06,8722.902077151335,128479.91483679526
HONAUT,337,2023-12-26,2025-05-06,7505.976261127596,43503.926706231476
3MINDIA,337,2023-12-26,2025-05-06,7026.706231454006,32374.962462908017
